scenario,line,max_utilisation_pct,mean_utilisation_pct,hours_above_threshold,congestion_severity_pct_hours,peak_abs_flow_mw,flow_mwh_during_congested_hours,bottleneck_rank_score
base_2026_constrained_grid,Flevoland__Overijssel,100.0,74.56524093104989,94,875.4456747846091,420.0,39208.871834095364,919.3545466187045
base_2026_constrained_grid,Noord-Brabant__Zeeland,100.0,71.6443793775635,80,775.7633435327502,520.0,41473.9693863703,821.2373129191205
base_2026_constrained_grid,Noord-Brabant__Limburg,100.0,71.55192486736009,77,730.086238664481,620.0,47492.534679719785,781.4287733442009
base_2026_constrained_grid,Gelderland__Overijssel,100.0,66.61356639514015,75,718.9461343071837,600.0,44813.676805843104,767.5098111130268
base_2026_constrained_grid,Gelderland__Limburg,100.0,70.62363851434789,77,720.7403437414964,500.0,38253.70171870748,762.8440454602039
base_2026_constrained_grid,Overijssel__Drenthe,100.0,63.96041716606506,64,632.2873255611712,450.0,28765.29296502527,664.2526185261966
base_2026_constrained_grid,Utrecht__Gelderland,100.0,57.18702321529132,51,471.4812928843504,650.0,32899.62840374828,506.9309212880987
base_2026_constrained_grid,Drenthe__Groningen,100.0,54.289074788410645,45,437.36038169565876,420.0,18846.913603121768,458.45729529878054
base_2026_constrained_grid,Friesland__Groningen,100.0,56.114976907069114,39,308.3979116269013,500.0,19091.989558134504,329.4399011850358
base_2026_constrained_grid,Utrecht__Noord-Brabant,100.0,55.20659002770044,33,300.9454009636098,750.0,24532.090507227073,327.12749147083684
base_2026_constrained_grid,Friesland__Flevoland,100.0,52.53268520373312,29,273.84924264256694,450.0,12977.321591891552,288.2765642344585
base_2026_constrained_grid,Zuid-Holland__Zeeland,100.0,47.52589127897571,27,250.0002388723179,700.0,18760.001672106224,270.11024054442413
base_2026_constrained_grid,Noord-Holland__Utrecht,100.0,50.72167765655071,23,211.05823166504874,900.0,20529.524084985438,232.73775575003418
base_2026_constrained_grid,Noord-Holland__Zuid-Holland,100.0,41.58944413774101,17,131.87261533320705,1200.0,19942.471383998483,152.66508671720553
base_2026_constrained_grid,Noord-Holland__Flevoland,100.0,44.54942441050751,17,139.2548193377277,650.0,10850.15632569523,150.9549756634229
base_2026_constrained_grid,Zuid-Holland__Utrecht,100.0,41.32527303858083,15,129.7181982940964,850.0,12577.604685499819,143.0458029795962
base_2026_constrained_grid,Noord-Holland__Friesland,100.0,36.78758950190449,12,91.02753749419077,850.0,9953.734068700622,101.58127156289139
bess_flevoland,Flevoland__Overijssel,100.0,85.69122087331765,122,1176.567895431816,420.0,51057.58516081363,1233.7254805926295
bess_flevoland,Noord-Brabant__Zeeland,100.0,75.53401863430328,97,921.4395671740543,520.0,50187.48574930508,976.4770529233595
bess_flevoland,Gelderland__Limburg,100.0,74.30083105058887,93,897.4210477570184,500.0,46337.105238785094,948.4081529958034
bess_flevoland,Gelderland__Overijssel,100.0,72.53622826670201,87,769.6653369432579,600.0,51597.99202165955,825.6133289649175
bess_flevoland,Noord-Brabant__Limburg,100.0,69.13953594537998,72,666.5392686539478,620.0,44308.54346565448,714.4478121196023
bess_flevoland,Overijssel__Drenthe,100.0,61.06764941617217,61,580.8288922839633,450.0,27318.730015277833,611.1976222992412
bess_flevoland,Drenthe__Groningen,100.0,56.3946796958503,49,465.95279979513134,420.0,20479.00175913955,488.8818015542709
bess_flevoland,Utrecht__Gelderland,100.0,55.568208457154554,42,369.5297054333779,650.0,26971.943085316954,398.6016485186949
bess_flevoland,Friesland__Flevoland,100.0,55.71942030570699,40,348.202546416652,450.0,17766.911458874936,367.9694578755269
bess_flevoland,Zuid-Holland__Zeeland,100.0,50.39850879707873,33,308.8530724564244,700.0,22951.97150719497,333.45504396361935
bess_flevoland,Utrecht__Noord-Brabant,100.0,53.34296465002299,37,289.7865095485685,750.0,27148.398821614264,318.7849083701828
bess_flevoland,Friesland__Groningen,100.0,51.725646341224305,34,299.83569536462136,500.0,16799.17847682311,318.33487384144445
bess_flevoland,Noord-Holland__Flevoland,100.0,48.52249587361628,31,287.0438729221336,650.0,20000.78517399387,308.59465809612743
bess_flevoland,Noord-Holland__Utrecht,100.0,47.07989601559023,22,177.1735008645539,900.0,19414.561507780985,197.68806237233485
bess_flevoland,Zuid-Holland__Utrecht,100.0,46.15364539019369,15,112.58360501034977,850.0,12431.960642587972,125.76556565293774
bess_flevoland,Noord-Holland__Zuid-Holland,100.0,36.57681188444843,14,94.59373400951765,1200.0,16255.124808114211,111.54885881763187
bess_flevoland,Noord-Holland__Friesland,100.0,32.29099717591151,6,33.913868311523274,850.0,4878.267880647948,39.09213619217122
bess_noord_brabant,Flevoland__Overijssel,100.0,78.6185504181208,104,988.7463580832975,420.0,43464.73470394985,1037.4110927872475
bess_noord_brabant,Noord-Brabant__Zeeland,100.0,78.0231685890628,98,908.5575658948928,520.0,50588.49934265345,964.0460652375463
bess_noord_brabant,Gelderland__Overijssel,100.0,70.41687994269348,86,837.5258307062111,600.0,51465.15498423727,893.2909856904483
bess_noord_brabant,Noord-Brabant__Limburg,100.0,72.80225138266152,81,759.0290176517881,620.0,49903.979909441085,812.9829975612291
bess_noord_brabant,Overijssel__Drenthe,100.0,66.05507519948135,72,687.3177932208591,450.0,32252.930069493865,723.1707232903531
bess_noord_brabant,Gelderland__Limburg,100.0,70.52274548668625,73,671.4319712228497,500.0,36207.159856114245,711.2891310789639
bess_noord_brabant,Drenthe__Groningen,100.0,58.86098224294167,57,557.540061948527,420.0,23887.66826018381,584.2777302087108
bess_noord_brabant,Utrecht__Noord-Brabant,100.0,60.46690736477855,53,467.961989486944,750.0,39284.71492115208,509.89670440809607
bess_noord_brabant,Friesland__Groningen,100.0,56.6878431310607,49,449.72157903868674,500.0,24298.607895193432,476.47018693388014
bess_noord_brabant,Utrecht__Gelderland,100.0,52.41957576988672,34,324.3393760785871,650.0,21998.205944510817,348.0375820230979
bess_noord_brabant,Zuid-Holland__Zeeland,100.0,51.20564408630521,33,308.1578935518694,700.0,22947.105254863087,332.75499880673243
bess_noord_brabant,Friesland__Flevoland,100.0,49.63726582319735,26,229.98793887852878,450.0,11564.94572495338,242.85288460348218
bess_noord_brabant,Noord-Holland__Flevoland,100.0,41.99508637435582,16,147.0368682824311,650.0,10315.739643835803,158.1526079262669
bess_noord_brabant,Noord-Holland__Zuid-Holland,100.0,35.4529226784589,16,117.13255508410015,1200.0,18685.590661009202,136.61814574510936
bess_noord_brabant,Noord-Holland__Utrecht,100.0,46.24609512560638,13,91.62213405585089,900.0,11354.599206502658,103.62673326235355
bess_noord_brabant,Zuid-Holland__Utrecht,100.0,45.508327226209026,10,73.38587818065835,850.0,8273.779964535595,82.15965814519394
bess_noord_brabant,Noord-Holland__Friesland,100.0,33.41029066102174,6,26.82759178613314,850.0,4818.034530182131,31.945626316315273
bess_noord_holland,Flevoland__Overijssel,100.0,78.8745611285031,102,970.1266369501511,420.0,42630.53187519064,1017.8571688253418
bess_noord_holland,Gelderland__Limburg,100.0,71.45902821729234,87,838.0352002629161,500.0,43340.17600131458,885.7253762642307
bess_noord_holland,Noord-Brabant__Zeeland,100.0,72.46575034783686,85,819.9662173564243,520.0,44043.82433025341,868.2600416866777
bess_noord_holland,Gelderland__Overijssel,100.0,72.6549656640081,83,794.640454135237,600.0,49587.84272481142,848.3782968600483
bess_noord_holland,Noord-Brabant__Limburg,100.0,72.32394390670312,86,790.1923660447053,620.0,52887.19266947717,847.3795587141824
bess_noord_holland,Overijssel__Drenthe,100.0,62.196762174632056,60,560.0281527815157,450.0,26820.126687516822,589.8482794690325
bess_noord_holland,Drenthe__Groningen,100.0,57.98389688214961,45,427.0593320194846,420.0,18803.649194481837,448.11298121396646
bess_noord_holland,Friesland__Groningen,100.0,51.34416787151514,40,358.6971274875755,500.0,19793.485637437876,380.49061312501334
bess_noord_holland,Noord-Holland__Utrecht,100.0,57.146876050564344,39,310.05337915897144,900.0,34380.48041243074,346.3838595714022
bess_noord_holland,Zuid-Holland__Zeeland,100.0,49.920336490646754,35,305.8728689030465,700.0,24191.110082321327,331.8139789853678
bess_noord_holland,Utrecht__Noord-Brabant,100.0,52.43075515806309,35,277.3335426858611,750.0,25705.00157014396,304.7885442560051
bess_noord_holland,Utrecht__Gelderland,100.0,50.90154801160194,29,265.4931373247714,650.0,18690.705392611017,285.6338427173824
bess_noord_holland,Noord-Holland__Zuid-Holland,100.0,42.23851575690545,26,206.5586606029015,1200.0,30558.70392723482,238.41736453013635
bess_noord_holland,Zuid-Holland__Utrecht,100.0,50.00300762585736,25,215.27846476453684,850.0,20954.866950498566,237.4833317150354
bess_noord_holland,Noord-Holland__Flevoland,100.0,44.04907263205738,19,177.99215618153016,650.0,12271.949015179945,191.2141051967101
bess_noord_holland,Friesland__Flevoland,100.0,44.47080551500641,16,133.59081037603104,450.0,7081.158646692139,141.4719690227232
bess_noord_holland,Noord-Holland__Friesland,100.0,35.9470740526658,7,48.949340049780574,850.0,5771.069390423135,55.07040944020371
combined_bess_and_flex,Flevoland__Overijssel,100.0,79.12442398193983,102,994.114540798049,420.0,42731.28107135181,1041.9458218694008
combined_bess_and_flex,Gelderland__Overijssel,100.0,77.25151584687167,92,890.783791858509,600.0,55024.70275115105,950.40849460966
combined_bess_and_flex,Noord-Brabant__Limburg,100.0,73.48237153199118,86,843.6637358612887,620.0,53218.71516233999,901.1824510236287
combined_bess_and_flex,Noord-Brabant__Zeeland,100.0,75.4096601965805,85,819.1779796104647,520.0,44039.725493974416,867.4677051044391
combined_bess_and_flex,Gelderland__Limburg,100.0,71.3442449247443,78,727.4825088147222,500.0,38737.41254407361,770.1199213587959
combined_bess_and_flex,Overijssel__Drenthe,100.0,60.79163642439252,61,580.2894379439792,450.0,27316.302470747905,610.6557404147271
combined_bess_and_flex,Utrecht__Noord-Brabant,100.0,58.96184377234602,54,492.5440120577607,750.0,40144.0800904332,535.3880921481939
combined_bess_and_flex,Drenthe__Groningen,100.0,57.2601365677569,48,452.55701040737125,420.0,20044.73944371096,475.0017498510822
combined_bess_and_flex,Friesland__Groningen,100.0,59.76562952720984,50,417.0406699249006,500.0,24585.203349624506,444.12587327452513
combined_bess_and_flex,Zuid-Holland__Zeeland,100.0,50.60565651466128,37,356.0073878862987,700.0,25802.051715204092,383.6594396015028
combined_bess_and_flex,Noord-Holland__Flevoland,100.0,51.243225874000125,32,295.9715095933944,650.0,20643.814812357065,318.21532440575146
combined_bess_and_flex,Utrecht__Gelderland,100.0,52.413402246649454,29,263.0667598520634,650.0,18674.933939038412,283.1916937911018
combined_bess_and_flex,Friesland__Flevoland,100.0,49.23209797921717,24,228.37340888296143,450.0,10747.680339973325,240.32108922293475
combined_bess_and_flex,Zuid-Holland__Utrecht,100.0,47.507755943464424,21,170.36356118326393,850.0,17513.090270057743,188.92665145332168
combined_bess_and_flex,Noord-Holland__Utrecht,100.0,44.954101686073535,14,131.1109310116781,900.0,12519.998379105104,144.33092939078318
combined_bess_and_flex,Noord-Holland__Zuid-Holland,100.0,38.62252057756549,17,122.71381957014671,1200.0,19832.56583484176,143.39638540498845
combined_bess_and_flex,Noord-Holland__Friesland,100.0,37.76010192898482,9,66.2355180870563,850.0,7448.001903739978,74.13351999079629
flexible_connection_contract,Flevoland__Overijssel,100.0,80.89037358675746,112,1067.96399098771,420.0,46821.448762148386,1120.3854397498583
flexible_connection_contract,Friesland__Groningen,100.0,69.9025701040091,92,919.3446119393775,500.0,45996.72305969689,969.9413349990745
flexible_connection_contract,Noord-Brabant__Zeeland,100.0,72.65311710979219,92,889.0688627666179,520.0,47679.15808638641,941.3480208530044
flexible_connection_contract,Gelderland__Limburg,100.0,72.63475160909262,92,868.2785895743322,500.0,45741.39294787166,918.6199825222038
flexible_connection_contract,Noord-Brabant__Limburg,100.0,69.89052870995108,84,805.1339486733161,620.0,51863.83048177456,861.1977791550908
flexible_connection_contract,Gelderland__Overijssel,100.0,66.36880565182544,75,708.3540418356843,600.0,44750.1242510141,756.8541660866983
flexible_connection_contract,Noord-Holland__Flevoland,100.0,68.01711995383552,71,694.6486872958324,650.0,46050.21646742291,744.2489037632553
flexible_connection_contract,Zuid-Holland__Zeeland,100.0,65.17023370757313,69,667.858572922629,700.0,48145.0100104584,719.4535829330874
flexible_connection_contract,Overijssel__Drenthe,100.0,66.91576312477416,73,674.7552634538683,450.0,32601.39868554241,711.0066621394108
flexible_connection_contract,Utrecht__Gelderland,100.0,62.848699470435974,60,520.2375789844837,650.0,38481.54426339914,561.7191232478829
flexible_connection_contract,Drenthe__Groningen,100.0,57.444111232979054,52,495.3736317422715,420.0,21736.569253317542,519.710200995589
flexible_connection_contract,Noord-Holland__Friesland,100.0,46.279903885311334,38,340.3743240025931,850.0,31963.181754022044,374.2375057566151
flexible_connection_contract,Utrecht__Noord-Brabant,100.0,54.689402260069265,37,329.43993830221154,750.0,27445.799537266586,358.73573783947813
flexible_connection_contract,Zuid-Holland__Utrecht,100.0,32.485767895199075,12,113.65960180561302,850.0,10146.106615347711,124.40570842096074
flexible_connection_contract,Friesland__Flevoland,100.0,46.28107989174813,15,100.58666286933793,450.0,6527.639982912021,107.86430285224995
flexible_connection_contract,Noord-Holland__Utrecht,100.0,39.64157902310815,10,78.07637594592642,900.0,8802.687383513337,87.37906332943976
flexible_connection_contract,Noord-Holland__Zuid-Holland,82.56480527014864,23.977275519994073,0,0.0,990.7776632417838,0.0,0.0
high_solar_growth,Gelderland__Overijssel,100.0,76.11815137494982,97,923.6602254909918,600.0,57921.96135294595,986.4321868439378
high_solar_growth,Flevoland__Overijssel,100.0,75.69470829192947,93,885.6910442271296,420.0,38873.90238575394,929.2149466128835
high_solar_growth,Gelderland__Limburg,100.0,76.87130293974471,91,877.3775445366177,500.0,45336.88772268309,927.2644322593007
high_solar_growth,Noord-Brabant__Zeeland,100.0,73.28520194749031,82,805.929974932379,520.0,42566.83586964837,852.5968108020273
high_solar_growth,Noord-Brabant__Limburg,100.0,72.33229209762693,84,777.4997898827687,620.0,51692.498697273164,833.392288580042
high_solar_growth,Overijssel__Drenthe,100.0,63.893327286733026,64,617.0028018954101,450.0,28696.512608529345,648.8993145039395
high_solar_growth,Drenthe__Groningen,100.0,60.58522934921079,52,481.52604675093176,420.0,21678.409396353913,505.8044561472857
high_solar_growth,Utrecht__Gelderland,100.0,56.73131318344584,47,427.07403015966645,650.0,30270.981196037836,459.6950113557043
high_solar_growth,Friesland__Groningen,100.0,58.55627141449337,46,420.65906422567423,500.0,22803.29532112837,445.7623595468026
high_solar_growth,Zuid-Holland__Zeeland,100.0,48.36532414917916,36,333.22749474386717,700.0,25012.592463207067,360.04008720707424
high_solar_growth,Utrecht__Noord-Brabant,100.0,51.86365944543353,34,306.00786500829236,750.0,25245.05898756219,332.9529239958545
high_solar_growth,Noord-Holland__Flevoland,100.0,51.47618595471589,32,260.20107664852276,650.0,20411.306998215397,282.2123836467382
high_solar_growth,Zuid-Holland__Utrecht,100.0,47.253848947793436,25,229.77334272332405,850.0,21078.073413148253,252.1014161364723
high_solar_growth,Friesland__Flevoland,100.0,52.561089559952094,31,234.81631806307348,450.0,13611.67343128383,249.97799149435733
high_solar_growth,Noord-Holland__Utrecht,100.0,47.743159799512455,24,221.3118592847639,900.0,21431.806733562873,243.94366601832675
high_solar_growth,Noord-Holland__Zuid-Holland,100.0,46.41735250485176,21,158.08773990653583,1200.0,24577.05287887843,183.71479278541426
high_solar_growth,Noord-Holland__Friesland,100.0,39.72593569675663,18,147.8227356836158,850.0,15026.493253310735,163.74922893692656
high_wind_offshore_growth,Noord-Brabant__Zeeland,100.0,80.80314878191432,110,1051.897522736047,520.0,56949.86711822744,1114.3473898542745
high_wind_offshore_growth,Flevoland__Overijssel,100.0,78.17066101017546,100,987.4782344559165,420.0,41947.40858471485,1034.4256430406315
high_wind_offshore_growth,Gelderland__Overijssel,100.0,77.16000149517062,98,927.6293945625348,600.0,58485.77636737521,991.01517092991
high_wind_offshore_growth,Gelderland__Limburg,100.0,68.86318525220466,69,660.596733701647,500.0,34352.983668508234,698.3997173701554
high_wind_offshore_growth,Overijssel__Drenthe,100.0,63.285302926388354,60,588.7033351065176,450.0,26949.16500797933,618.6525001144969
high_wind_offshore_growth,Noord-Brabant__Limburg,100.0,64.44930754562206,57,508.8627996531643,620.0,34960.94935784962,546.6737490110139
high_wind_offshore_growth,Drenthe__Groningen,100.0,54.71901281595295,44,406.6094050367834,420.0,18339.75950115449,427.1491645379379
high_wind_offshore_growth,Friesland__Groningen,100.0,56.06985787884122,46,387.3991064780821,500.0,22636.99553239041,412.33610201047253
high_wind_offshore_growth,Zuid-Holland__Zeeland,100.0,51.583098513441904,34,322.0272139505986,700.0,23674.190497654192,347.4014044482528
high_wind_offshore_growth,Utrecht__Gelderland,100.0,46.77698938964255,31,303.12934100930255,650.0,20105.340716560466,324.78468172586304
high_wind_offshore_growth,Utrecht__Noord-Brabant,100.0,47.23500345303371,27,250.8590631057834,750.0,20106.442973293375,272.3155060790768
high_wind_offshore_growth,Noord-Holland__Utrecht,100.0,56.09444481959095,29,185.49726683248815,900.0,25159.475401492396,212.10674223398053
high_wind_offshore_growth,Noord-Holland__Flevoland,100.0,46.5580521343681,20,166.86069880706322,650.0,12784.594542245912,180.64529334930913
high_wind_offshore_growth,Friesland__Flevoland,100.0,46.19243246814048,19,162.3586633701732,450.0,8425.613985165779,171.73427735533895
high_wind_offshore_growth,Noord-Holland__Zuid-Holland,100.0,36.002428948983074,15,123.15064000538693,1200.0,17677.807680064645,141.57844768545158
high_wind_offshore_growth,Zuid-Holland__Utrecht,100.0,48.58394352663466,11,95.73796430063473,850.0,9228.772696555396,105.51673699719012
high_wind_offshore_growth,Noord-Holland__Friesland,100.0,32.76227290322678,10,87.38265814050825,850.0,8392.75259419432,96.27541073470258
targeted_grid_reinforcement,Noord-Brabant__Zeeland,100.0,77.11649449501422,102,975.3112930444267,520.0,52807.61872383102,1033.2189117682578
targeted_grid_reinforcement,Gelderland__Limburg,100.0,75.72907480100707,96,889.7930954408241,500.0,47648.965477204125,942.2420609180282
targeted_grid_reinforcement,Flevoland__Overijssel,100.0,69.39228391177865,80,754.2000169485974,567.0,45100.31409609855,803.300331044696
targeted_grid_reinforcement,Noord-Brabant__Limburg,100.0,70.22550376616289,75,668.8513889967633,620.0,45996.87861177993,718.5982676085432
targeted_grid_reinforcement,Gelderland__Overijssel,100.0,68.63352049376947,69,671.6054156257708,600.0,41289.63249375462,716.3450481195255
targeted_grid_reinforcement,Overijssel__Drenthe,100.0,63.41070852006468,66,635.5830361824001,450.0,29590.1236628208,668.4731598452208
targeted_grid_reinforcement,Drenthe__Groningen,100.0,63.00265120898714,62,594.3663439626956,420.0,25932.33864464332,623.398682607339
targeted_grid_reinforcement,Utrecht__Gelderland,100.0,55.31028599315349,48,444.9200629471138,650.0,30971.98040915624,478.29204335627
targeted_grid_reinforcement,Zuid-Holland__Zeeland,100.0,48.789616024711016,38,363.1013791451807,700.0,26481.709654016267,391.48308879919693
targeted_grid_reinforcement,Friesland__Groningen,100.0,56.07549735030226,42,359.52548986860734,500.0,20697.627449343036,382.3231173179504
targeted_grid_reinforcement,Noord-Holland__Flevoland,100.0,43.7887937811908,24,205.23294123700924,650.0,15374.014118040563,221.8069553550498
targeted_grid_reinforcement,Noord-Holland__Zuid-Holland,100.0,38.25457550296951,16,139.13188641228263,1200.0,18949.58263694739,158.88146904923002
targeted_grid_reinforcement,Zuid-Holland__Utrecht,100.0,45.56187501981902,14,126.77115065750613,850.0,11787.554780588802,139.25870543809492
targeted_grid_reinforcement,Noord-Holland__Friesland,100.0,37.12679274655576,10,92.54988026393356,850.0,8436.673982243436,101.486554246177
targeted_grid_reinforcement,Friesland__Flevoland,100.0,37.15099485055354,10,85.29808949389817,607.5,5985.685893675431,91.7837753875736
targeted_grid_reinforcement,Utrecht__Noord-Brabant,100.0,36.61655293478537,10,61.88997926110834,1012.5000000000001,9739.136040018722,72.12911530112706
targeted_grid_reinforcement,Noord-Holland__Utrecht,100.0,36.294876816153995,7,56.79817345276405,1305.0,8962.71616355857,66.11088961632262
